{"cameraMode":{"drawMode":0,"name":"Shaded","section":"Shading Mode"},"sceneLighting":false,"audioPlay":false,"sceneViewState":{"showFog":true,"showMaterialUpdate":false,"showSkybox":false,"showFlares":true,"showImageEffects":true,"showParticleSystems":true},"in2DMode":false,"pivot":{"x":-0.14643889665603639,"y":0.0016790777444839478,"z":0.0},"rotation":{"x":-0.02621479518711567,"y":-0.07539623230695725,"z":0.0016327081248164178,"w":-0.9968119859695435},"size":0.5678908228874207,"orthographic":false}